<?xml version="1.0" encoding="utf-8"?><feed xmlns="http://www.w3.org/2005/Atom" ><generator uri="https://jekyllrb.com/" version="4.3.4">Jekyll</generator><link href="http://localhost:4000/feed.xml" rel="self" type="application/atom+xml" /><link href="http://localhost:4000/" rel="alternate" type="text/html" /><updated>2024-09-27T16:36:56+02:00</updated><id>http://localhost:4000/feed.xml</id><title type="html">Vicinity</title><subtitle>Nothing past this point</subtitle><entry><title type="html">Test Post 2</title><link href="http://localhost:4000/update/2024/09/27/welcome-to-jekyll.html" rel="alternate" type="text/html" title="Test Post 2" /><published>2024-09-27T15:43:05+02:00</published><updated>2024-09-27T15:43:05+02:00</updated><id>http://localhost:4000/update/2024/09/27/welcome-to-jekyll</id><content type="html" xml:base="http://localhost:4000/update/2024/09/27/welcome-to-jekyll.html"><![CDATA[<p>Test text</p>]]></content><author><name></name></author><category term="update" /><summary type="html"><![CDATA[Test text]]></summary></entry></feed>